file,sha256,bytes
2004_results.tsv,c9f2adade87b0d6ac62c3437ccf92dd1ad1d83662b2cf331442030a50ff6e3e3,56705
2005_results.tsv,200c626af81c0a0c17a387d7f1087fcd15f2be4c368837e23686a5c7e081122c,40960
2006_results.tsv,6f0c33857d1213154af6de6dda93e40a5a2d163640525022f1fd124d37b5280f,43516
2007_results.tsv,a2456bf1685fd32ce589b1b1f09afd34c05dde282524d72fb558a8f58ae18665,51273
2008_results.tsv,7e46d5b2fe65584c60071ffeb851b777d92463517cf7d758529fd2f7ad35711c,57703
2009_results.tsv,3f2f477aac6d4396727836b4376c6dc3c7e5d524f0b026bd756d555ed821d66f,46755
2010_results.tsv,af0abfe78b7c2656384fca230cb7bc247734b44b26629fdfe85d6c272e7fe2f9,45495
2011_results.tsv,97e485cc032cb646319622153c2c5bf3c5bc42f9d5e48188dc19bee42ee459b9,57097
2012_results.tsv,257ddbccb7b92d2099b02f4ce942ce4305df61dc2ee65a65168da2d614987634,53865
2013_results.tsv,bf014d12ec3989425711e4fb8ec44cf7d94a3f6a71d4ffcc03650bc4c6610f17,49341
2014_results.tsv,9931c98d192ccefde95a18f2c6e5d3b9a920e09666eb3fe4b20f2acd17901eb9,45403
2015_results.tsv,146945e404881e565498f98db36ab43e579c9f25fff5e7167de16cfdc827c221,52832
2016_results.tsv,ae10d02ca846fff170674338e65a1cef51e9aa5222120967a314103af86a48cd,47809
2017_results.tsv,8873e4ff30d69a56ac1eb244fd556a1f633a31c6e2b5a905c50dc8a306f9aef9,45830
2018_results.tsv,cc2ea7192c1d0c0d4854e0e7e1a2916aaa5689541cc3e3b4437043ae96e72ce3,46361
2019_results.tsv,0b7dde82c752b07620ed0a9bf5027aa736a1ec5b0020fa66bc5275dd278ce026,60033
2020_results.tsv,e28b7c5a209266f18fcca2bc97a181a62b2ba82d6d0ad963d85a5dd52f535060,18984
2021_results.tsv,961ad9ffe803459df6aac28dcfaf7df561011ba7c43e55764ddf0ab037b456b6,58722
2022_results.tsv,455ea61bccc54d76a7aae1942dcf498155d44ea1cb68ac16eb4f570f40cc8f99,51481
2023_results.tsv,ce664e5f29131a61af1b538d9ef22e20e32eef6dd8508792523d991f8789abef,55153
2024_results.tsv,f22a4de753d292f42d98acf8f3c34536ff081944ae1ac9b470f6a4b1633e6c69,67715
2025_results.tsv,bb8936794ff3c3a4b4d6ded9b8bbe199b97dec6f76e59979cc0fc777eeca2f4d,53866
2026_results.tsv,215475b97d3ea9422e3a0f990785996e070ada99c1f50a1dd60d58de9c76a64f,32070
en.teams.tsv,ff4b8c9c7bcdad56e81a007726c1a655c6dabdf77bca151b1d619f24125dbc90,7277
en.tournaments.tsv,f4aaa6e2466658cb44c98aa70c35c10201e22c964c9fe687d605faad4f32bc5e,42373
teams.tsv,47e4391e33bd6adc64915f8676ce749bb1ae88c9d62953d7a17c22bfdafa70bd,335
