team_id,martj42_name,eloratings_code,odds_api_name
afghanistan,Afghanistan,AF,
albania,Albania,AL,
algeria,Algeria,DZ,
american_samoa,American Samoa,AS,
andorra,Andorra,AD,
angola,Angola,AO,
anguilla,Anguilla,AI,
antigua_and_barbuda,Antigua and Barbuda,AG,
argentina,Argentina,AR,
armenia,Armenia,AM,
aruba,Aruba,AW,
australia,Australia,AU,
austria,Austria,AT,
azerbaijan,Azerbaijan,AZ,
bahamas,Bahamas,BS,
bahrain,Bahrain,BH,
bangladesh,Bangladesh,BD,
barbados,Barbados,BB,
belarus,Belarus,BY,
belgium,Belgium,BE,
belize,Belize,BZ,
benin,Benin,BJ,
bermuda,Bermuda,BM,
bhutan,Bhutan,BT,
bolivia,Bolivia,BO,
bonaire,Bonaire,BQ,
bosnia_and_herzegovina,Bosnia and Herzegovina,BA,
botswana,Botswana,BW,
brazil,Brazil,BR,
british_virgin_islands,British Virgin Islands,VG,
brunei,Brunei,BN,
bulgaria,Bulgaria,BG,
burkina_faso,Burkina Faso,BF,
burundi,Burundi,BI,
cambodia,Cambodia,KH,
cameroon,Cameroon,CM,
canada,Canada,CA,
cape_verde,Cape Verde,CV,
cayman_islands,Cayman Islands,KY,
central_african_republic,Central African Republic,CF,
chad,Chad,TD,
chagos_islands,Chagos Islands,HG,
chile,Chile,CL,
china,China,CN,
colombia,Colombia,CO,
comoros,Comoros,KM,
congo,Congo,CG,
cook_islands,Cook Islands,CK,
costa_rica,Costa Rica,CR,
croatia,Croatia,HR,
cuba,Cuba,CU,
curacao,Curaçao,CW,
cyprus,Cyprus,CY,
czech_republic,Czech Republic,CZ,
denmark,Denmark,DK,
djibouti,Djibouti,DJ,
dominica,Dominica,DM,
dominican_republic,Dominican Republic,DO,
dr_congo,DR Congo,CD,
ecuador,Ecuador,EC,
egypt,Egypt,EG,
el_salvador,El Salvador,SV,
england,England,EN,
equatorial_guinea,Equatorial Guinea,GQ,
eritrea,Eritrea,ER,
estonia,Estonia,EE,
eswatini,Eswatini,SW,
ethiopia,Ethiopia,ET,
falkland_islands,Falkland Islands,FK,
faroe_islands,Faroe Islands,FO,
fiji,Fiji,FJ,
finland,Finland,FI,
france,France,FR,
french_guiana,French Guiana,GF,
gabon,Gabon,GA,
gambia,Gambia,GM,
georgia,Georgia,GE,
germany,Germany,DE,
ghana,Ghana,GH,
gibraltar,Gibraltar,GI,
greece,Greece,GR,
greenland,Greenland,GL,
grenada,Grenada,GD,
guadeloupe,Guadeloupe,GP,
guam,Guam,GU,
guatemala,Guatemala,GT,
guinea,Guinea,GN,
guinea_bissau,Guinea-Bissau,GW,
guyana,Guyana,GY,
haiti,Haiti,HT,
honduras,Honduras,HN,
hong_kong,Hong Kong,HK,
hungary,Hungary,HU,
iceland,Iceland,IS,
india,India,IN,
indonesia,Indonesia,ID,
iran,Iran,IR,
iraq,Iraq,IQ,
israel,Israel,IL,
italy,Italy,IT,
ivory_coast,Ivory Coast,CI,
jamaica,Jamaica,JM,
japan,Japan,JP,
jordan,Jordan,JO,
kazakhstan,Kazakhstan,KZ,
kenya,Kenya,KE,
kiribati,Kiribati,KI,
kosovo,Kosovo,KO,
kurdistan,Kurdistan,KD,
kuwait,Kuwait,KW,
kyrgyzstan,Kyrgyzstan,KG,
laos,Laos,LA,
latvia,Latvia,LV,
lebanon,Lebanon,LB,
lesotho,Lesotho,LS,
liberia,Liberia,LR,
libya,Libya,LY,
liechtenstein,Liechtenstein,LI,
lithuania,Lithuania,LT,
luxembourg,Luxembourg,LU,
macau,Macau,MO,
madagascar,Madagascar,MG,
malawi,Malawi,MW,
malaysia,Malaysia,MY,
maldives,Maldives,MV,
mali,Mali,ML,
malta,Malta,MT,
marshall_islands,Marshall Islands,MH,
martinique,Martinique,MQ,
mauritania,Mauritania,MR,
mauritius,Mauritius,MU,
mayotte,Mayotte,YT,
mexico,Mexico,MX,
moldova,Moldova,MD,
monaco,Monaco,MC,
mongolia,Mongolia,MN,
montenegro,Montenegro,ME,
montserrat,Montserrat,MS,
morocco,Morocco,MA,
mozambique,Mozambique,MZ,
myanmar,Myanmar,MM,
namibia,Namibia,NA,
nepal,Nepal,NP,
netherlands,Netherlands,NL,
new_caledonia,New Caledonia,NC,
new_zealand,New Zealand,NZ,
nicaragua,Nicaragua,NI,
niger,Niger,NE,
nigeria,Nigeria,NG,
north_korea,North Korea,KP,
north_macedonia,North Macedonia,NM,
northern_cyprus,Northern Cyprus,NS,
northern_ireland,Northern Ireland,EI,
northern_mariana_islands,Northern Mariana Islands,MP,
norway,Norway,NO,
oman,Oman,OM,
pakistan,Pakistan,PK,
palestine,Palestine,PS,
panama,Panama,PA,
papua_new_guinea,Papua New Guinea,PG,
paraguay,Paraguay,PY,
peru,Peru,PE,
philippines,Philippines,PH,
poland,Poland,PL,
portugal,Portugal,PT,
puerto_rico,Puerto Rico,PR,
qatar,Qatar,QA,
republic_of_ireland,Republic of Ireland,IE,
reunion,Réunion,RE,
romania,Romania,RO,
russia,Russia,RU,
rwanda,Rwanda,RW,
saint_barthelemy,Saint Barthélemy,BL,
saint_kitts_and_nevis,Saint Kitts and Nevis,KN,
saint_lucia,Saint Lucia,LC,
saint_martin,Saint Martin,MF,
saint_pierre_and_miquelon,Saint Pierre and Miquelon,PM,
saint_vincent_and_the_grenadines,Saint Vincent and the Grenadines,VC,
samoa,Samoa,WS,
san_marino,San Marino,SM,
sao_tome_and_principe,São Tomé and Príncipe,ST,
saudi_arabia,Saudi Arabia,SA,
scotland,Scotland,SQ,
senegal,Senegal,SN,
serbia,Serbia,RS,
seychelles,Seychelles,SC,
sierra_leone,Sierra Leone,SL,
singapore,Singapore,SG,
sint_maarten,Sint Maarten,SX,
slovakia,Slovakia,SK,
slovenia,Slovenia,SI,
solomon_islands,Solomon Islands,SB,
somalia,Somalia,SO,
somaliland,Somaliland,JS,
south_africa,South Africa,ZA,
south_korea,South Korea,KR,
south_sudan,South Sudan,SS,
spain,Spain,ES,
sri_lanka,Sri Lanka,LK,
sudan,Sudan,SD,
suriname,Suriname,SR,
sweden,Sweden,SE,
switzerland,Switzerland,CH,
syria,Syria,SY,
tahiti,Tahiti,TI,
taiwan,Taiwan,TW,
tajikistan,Tajikistan,TJ,
tanzania,Tanzania,TZ,
thailand,Thailand,TH,
tibet,Tibet,TE,
timor_leste,Timor-Leste,TL,
togo,Togo,TG,
tonga,Tonga,TO,
trinidad_and_tobago,Trinidad and Tobago,TT,
tunisia,Tunisia,TN,
turkey,Turkey,TR,
turkmenistan,Turkmenistan,TM,
turks_and_caicos_islands,Turks and Caicos Islands,TC,
tuvalu,Tuvalu,TV,
uganda,Uganda,UG,
ukraine,Ukraine,UA,
united_arab_emirates,United Arab Emirates,AE,
united_states,United States,US,
united_states_virgin_islands,United States Virgin Islands,VI,
uruguay,Uruguay,UY,
uzbekistan,Uzbekistan,UZ,
vanuatu,Vanuatu,VU,
vatican_city,Vatican City,VA,
venezuela,Venezuela,VE,
vietnam,Vietnam,VN,
wales,Wales,WA,
western_sahara,Western Sahara,EH,
yemen,Yemen,YE,
zambia,Zambia,ZM,
zanzibar,Zanzibar,ZN,
zimbabwe,Zimbabwe,ZW,
