league,season,sha256,bytes
Bundesliga,2014,9a142949ea22aba9c5e31c0818d5538f50330f6fa81bebe61d13aa10d3d7f4c4,436676
Bundesliga,2015,c4e424e7afc026a346dbabd208f3b7cba03434059ed6bdaed348e608a801ee9a,443632
Bundesliga,2016,47d5decc9ceb83a5785a35f10383c61dc85625021a7c825df754ca05aa6e2cf4,442924
Bundesliga,2017,6b457404f71431068232e6f55ae8527f452ae9d4c0709f140b3b12afa40b0ff1,443045
Bundesliga,2018,b88510dedab462d322f32bac678e914302c9827a0b11594ed001a527daa25f9d,441995
Bundesliga,2019,16ab6c73ff4ad3e25018b712ebb4e8cda8100d7a161c95b5ab1572776375dae1,448963
Bundesliga,2020,563c2387197f37df90ff2695f38445f16825cef9272c61840a37c96d51c4de69,452597
Bundesliga,2021,69b04e84a7fda771d3aea525f8bc33f1239c3fc6a6ffca6a2367ab30deddaec3,456564
Bundesliga,2022,b2b8bbf9bf58d19c2b4935cd19fae4d7e012be568525fdc17c4670dcdd52dd1f,454450
Bundesliga,2023,25284b1ed5bc2c469a49af6d369a6a0f64859d0ebfe71c33a297d230b9f349f0,451171
Bundesliga,2024,cf74ce4ced626e5f02a1472174a2cbcced499b19c465af519098d0a89c542717,446978
Bundesliga,2025,c0a30b3e91fcfb780dee08947bd7dc925ddc1888f92b415b6ea75f22908c465b,453761
Bundesliga,2026,b3ea1b943e75da39c83e37a3de59af05ddde55cb0c0c0afef4fa62bd12422ed2,223402
EPL,2014,1a6ed76ea6febd5e966212747982000e794e10d0aaed123d2268b79d784e8d8b,527272
EPL,2015,721ecb757cdf123ab30fa4b1dec8a11569bf00243bb7f9470d0842dd352d72bf,532037
EPL,2016,9f803c07c7a19275d770d3a845368357bf16989e8e4356e12cd2c43649ab65f3,524443
EPL,2017,4919b5106a90cbe96021fb929bb4dcd743d3bebd4acc75ca88b65263e137edfc,521428
EPL,2018,e55c7215521b439e43ca5d21dfc0d3292ad67651fd222f30283ddba612cbe308,517852
EPL,2019,72ae0580a7bd6828f11d52c1400e03e30895a0310c53e44dd37933ebdcc1e066,522210
EPL,2020,6ca30fc522aedc29d65b9d9f70eb517f5908e5de6ce3af7ff56915f704d88ca9,525377
EPL,2021,278297ea4e27dcd7d4bf336b0228ada236c11d9de11c258f8f547d49848ff0d6,528968
EPL,2022,0aadeaec4515c1b93fba3433c748b85b97df09f4fab66a374cad035309ba687b,534845
EPL,2023,a6438fbf4b4aa539aa8d326b541f3b5546683c5f22b714a6625ddae062ef57d8,540332
EPL,2024,5c90d05b8d0bec0cfd848d6393a51e1194225cf772eab2b40408c222aa3987d4,538474
EPL,2025,d401b18a3386d8168f03727b43b1ab5dc9092e0469e77a1561136baf25151f42,529950
EPL,2026,bd7cd5e9979b92f3724899650b24f4dfc806e64e44e08ac55ba47b49f1e221c6,264568
